<?xml version="1.0" encoding="UTF-8" standalone="yes"?>
<manifest>
  <control namespace="PDF" constructor="PDFESignV1" version="0.0.1" display-name-key="PDF E-Sign v.1" description-key="PDF E-Sign ViewerV1" control-type="standard" api-version="1.3.18">
    <external-service-usage enabled="false"/>
    <property name="pdfFile" display-name-key="PDF File" description-key="PDF file Base64" of-type="SingleLine.Text" usage="bound" required="true"/>
    <property name="pdfFileOutput" display-name-key="PDF Output" description-key="PDF with signature" of-type="SingleLine.Text" usage="output"/>
    <property name="currentPage" display-name-key="Current Page" description-key="Current page number" of-type="Whole.None" usage="output"/>
    <property name="totalPages" display-name-key="Total Pages" description-key="Total pages" of-type="Whole.None" usage="output"/>
    <property name="signaturePageNumber" display-name-key="Signature Page" description-key="Signature page" of-type="Whole.None" usage="output"/>
    <property name="signatureX" display-name-key="Signature X" description-key="X coordinate" of-type="Decimal" usage="output"/>
    <property name="signatureY" display-name-key="Signature Y" description-key="Y coordinate" of-type="Decimal" usage="output"/>
    <property name="signatureWidth" display-name-key="Signature Width" description-key="Width" of-type="Decimal" usage="output"/>
    <property name="signatureHeight" display-name-key="Signature Height" description-key="Height" of-type="Decimal" usage="output"/>
    <property name="pdfLoaded" display-name-key="PDF Loaded" description-key="Is PDF loaded" of-type="TwoOptions" usage="output"/>
    <property name="errorMessage" display-name-key="Error Message" description-key="Error message" of-type="SingleLine.Text" usage="output"/>
    <resources>
      <code path="bundle.js" order="1"/>
    </resources>
    <feature-usage/>
    <built-by name="pac" version="1.50.1"/>
  </control>
</manifest>